<?xml version="1.0" encoding="UTF-8"?>
<typeSystemDescription xmlns="http://uima.apache.org/resourceSpecifier">
  <types>
    <typeDescription>
      <name>de.unidue.langtech.teaching.pp.type.MyType</name>
      <description/>
      <supertypeName>uima.tcas.Annotation</supertypeName>
    <features>
        <featureDescription>
          <name>countLetterE</name>
          <description/>
          <rangeTypeName>uima.cas.Integer</rangeTypeName>
        </featureDescription>
      </features>
    </typeDescription>
  </types>
</typeSystemDescription>
